created_at;id_str;full_text;quote_count;reply_count;retweet_count;favorite_count;lang;user_id_str;conversation_id_str;username;tweet_url
Sun Sep 03 09:04:58 +0000 2023;1698260787213873233;"[Bb] micellar water nya wardah ternyata oke juga yaaa. Btw ini hasil menerjang polusi jakarta ğŸ¥²ğŸ¥²ğŸ¥² https://t.co/BCCbmV2Q8Q";82;147;55;1723;in;994801274091687936;1698260787213873233;ohmybeautybank;https://twitter.com/ohmybeautybank/status/1698260787213873233
Tue Jul 25 10:05:05 +0000 2023;1683780403205906432;"Sumpah aku kira instaperfect itu salah satu series wardah ğŸ˜­ ternyata merk tersendiri?! [BB] wkwk https://t.co/ytiH3vSXDy";215;342;351;8412;in;994801274091687936;1683780403205906432;ohmybeautybank;https://twitter.com/ohmybeautybank/status/1683780403205906432
Mon Jun 26 14:03:23 +0000 2023;1673331123236089859;"Sudah claim beluum? Lumayan bisa buat Wardah  https://t.co/k6LCRuv5vk https://t.co/uIsa2jQoYo";0;0;0;3;in;1581884899560423424;1673331123236089859;berburusales;https://twitter.com/berburusales/status/1673331123236089859
Mon Jun 26 11:14:04 +0000 2023;1673288513029296130;"tolong jg salma pake dress kyk wardah utk silet awards aaaa pasti cantik ğŸ–¤";0;0;0;43;in;1665564301783089152;1673288513029296130;qellycelily;https://twitter.com/qellycelily/status/1673288513029296130
Mon Jun 26 06:49:47 +0000 2023;1673222006119211008;"Kalau korang tak pandai mekap....jadilah macam saya, pakai je wardah fd cushion ni ğŸ˜†  Besttt teruk sebab skin auto nampak peloles &amp  tak crack langsung weh! ğŸ™ŒğŸ» https://t.co/1lzOQbREnL";1;2;63;39;in;1313351061080481792;1673222006119211008;bysueibrahim_;https://twitter.com/bysueibrahim_/status/1673222006119211008
Thu Jun 15 09:51:24 +0000 2023;1669281444387233793;"GIVEAWAY!!  Hadiahnya 1 paket makeup Wardah (semua yang ada di foto) buat 1 orang pemenang beruntungâ¤ï¸ Ini hadiahnya NEW semua yah!  Caranya gampang~ â€¢ Follow aku â€¢ RT + Like tweet ini â€¢ Reply "mau dong"  Good luck yahh~ğŸ¥°âœ¨ Aku undi secepatnya nanti, tunggu aja!ğŸ˜†ğŸ‘Œ https://t.co/Y4VYWfm06n";36;1853;1735;1866;in;972632196447006720;1669281444387233793;bulbulkun;https://twitter.com/bulbulkun/status/1669281444387233793
Fri May 19 05:48:21 +0000 2023;1659435806401122306;"@tanyakanrl Cocok jadi BA wardah muka nya halal bgt ğŸ˜­ğŸ˜­ ademm.gimana gituu";16;21;59;1394;in;1481537310252744706;1659431209276182528;hehhshshs1qjq;https://twitter.com/hehhshshs1qjq/status/1659435806401122306
Fri May 05 10:02:35 +0000 2023;1654426356820905984;"Tak sabar nunggu nama yuniq sbb: ğŸ«¶ St Cawang Wardah ğŸ«¶ St Yogyakarta MS Glow ğŸ«¶ St Purwokerto RANS Ent ğŸ«¶ St Pasar Minggu Geprek Bensu";167;184;569;1226;in;41284868;1654426356820905984;rizkidwika;https://twitter.com/rizkidwika/status/1654426356820905984
Mon Apr 24 14:49:08 +0000 2023;1650512201118101507;"Kaayy dah jumpa shade lipstick yang sesuai with my skin bila tak make up. Wardah Colorfit ni nicee makan minyak2 je la kena topup sikit. Price mesra pocket. https://t.co/cqH1O8nRs9";33;48;291;1693;in;1211760938;1650512201118101507;dewirosliiiiiii;https://twitter.com/dewirosliiiiiii/status/1650512201118101507
Fri Apr 21 10:37:33 +0000 2023;1649361724771020800;"@xavierbackk @AREAJULID Meanwhile.. CEO wardah, emina, dll~ https://t.co/sgXynEPpiO";40;17;101;2059;in;269704515;1649330726125572098;snmufidaa;https://twitter.com/snmufidaa/status/1649361724771020800
Thu Apr 13 13:25:34 +0000 2023;1646504905853792259;"@FOODFESS2 Wardah colorfit https://t.co/wUrmep44Fb";38;21;80;1367;in;894819433;1646492634796687360;latiefahnfauzi;https://twitter.com/latiefahnfauzi/status/1646504905853792259
Sun Mar 19 09:07:25 +0000 2023;1637380241021886464;"@convomfs Nder mending saranin serum wardah/implora aja deh nder lebih jelas dan ga mahal kok ğŸ˜­ğŸ˜­";1;0;18;3368;in;1301751540596617216;1637376848899497989;loominaires;https://twitter.com/loominaires/status/1637380241021886464
Tue Mar 14 16:33:08 +0000 2023;1635680473426034691;"@ohmybeautybank sampo tresemme, condi wardah, tonic blishful, hair serum madebyruna, leave on condi pantene, hair oil ree derma, heat protector makarizo, hair dryer dari klaz, catokan dari babybliss, sisir dari the wet brush, iket rambut dari teatimelabel https://t.co/8jHlCEBsBw";25;27;148;1933;in;1530059079925714944;1635662109618081793;ryaburii;https://twitter.com/ryaburii/status/1635680473426034691
Thu Feb 16 04:51:46 +0000 2023;1626081882323681280;"Satu lagi bentuk keberhasilan branding perusahaan yang gue baru sadar pagi ini adalah ketika orang menamakan suatu warna dengan mengaitkannya sama logo brand kita  Contoh: - Biru wardah (maksudnya biru soft kayak logo wardah) - Hijau gojek (maksudnya hijau cetar kayak logo gojek) https://t.co/Mst2HnuRxw";292;178;984;11403;in;1115007611714162688;1626081882323681280;sourvive;https://twitter.com/sourvive/status/1626081882323681280
Wed Feb 15 06:27:43 +0000 2023;1625743638885208064;"Kalau keluar &amp  I malas pakai foundation, I pakai je DD cream Wardah ni. Terus auto glow + nampak mcm pakai FD. Mmg one of my fav to go. Kalau pegi memana nak solat pun senang nak cuci &amp  nak re-apply. Harga dlm 11 something je Girlssss! Cuba la ğŸ˜˜ https://t.co/6OjbFIihdF";22;9;221;1125;in;466337477;1625743638885208064;AinulNunanaa;https://twitter.com/AinulNunanaa/status/1625743638885208064
Mon Feb 13 11:39:01 +0000 2023;1625097206293487616;"Tanned skin? Wardah Lip Mousse code 14 is the best best colour ever! Dalah bila pakai tu rasa macam tk pakai, soooo ringannnn. Loveeeeeit! ğŸ¥º https://t.co/VckVL7hhaa";15;5;343;1293;in;1605672847;1625097206293487616;Chapienat;https://twitter.com/Chapienat/status/1625097206293487616
Thu Feb 02 23:24:44 +0000 2023;1621288539374899201;"@Askrlfess dari bentuk sama warnanya sih itu dikecup pas lagi pelukan di motor pake lipstick wardah colorfir velvet matte lip mousse 02 yng teksturnya lembut dengan hasil akhir powdery yang ringan dan nyaman seharian di bibir tanpa rasa lengket. produknya di keranjang no. 2";103;114;244;1793;in;1305692298932436993;1621093642697056256;sarjanakwangya;https://twitter.com/sarjanakwangya/status/1621288539374899201
Wed Feb 01 05:07:42 +0000 2023;1620650071959437312;"Kenapa I baru tahu Wardah punya product mostly kualiti dia letopğŸ˜­.   Cream blush ni beli RM9 time sale, dia punya texture creamy tu loveeee teruk. Pigmented gila, pakai sikit je dah cantik. https://t.co/yxfFd7qAkw";55;6;340;1463;in;239266720;1620650071959437312;anisaniesa;https://twitter.com/anisaniesa/status/1620650071959437312
Wed Jan 25 02:05:06 +0000 2023;1618067407477837824;"Thank you siapa yang suggest fd cushion Wardah ni. Nak topup makeup after solat pun dab dab sekejap je terus siap!   I pernah try brand lain, makeup jadi bercapuk but this one nampak glowing gila and senang je blend. Paling penting harga mur mur ğŸ˜† https://t.co/h7a0Tdup7T";233;29;1506;5436;in;239266720;1618067407477837824;anisaniesa;https://twitter.com/anisaniesa/status/1618067407477837824
Sat Dec 31 11:37:15 +0000 2022;1609151696395194370;"Best purchase 2022.  Wardah face mist buat muka glowing. Makeup setting spray biru lagi best dari pink.  Guardian ada 50% off kan pergi beli!! https://t.co/xDFMvGuHVA";25;2;434;1507;in;936969084;1609151696395194370;Nurintashaa;https://twitter.com/Nurintashaa/status/1609151696395194370
Sat Dec 24 02:16:03 +0000 2022;1606473750853341185;"Wait! Kenapa i takpernah tahu facemist wardah ni palingggg best! I baru pakai 3minggu dah habis ğŸ˜­ Tak ada botol besar keeeeee ğŸ˜­  I nak repeat lagi, sebab dah licin botol first! Suka sebab makeup stay lama, lepas tu dia buat muka you macam glowing ke, licin ke tkthulah nak ckp! https://t.co/ep8izLTg0C";66;9;481;1523;in;1605672847;1606473750853341185;Chapienat;https://twitter.com/Chapienat/status/1606473750853341185
Sat Dec 17 09:43:27 +0000 2022;1604049628399570944;"Bukan merk korea atau internesyenel. Tapi wardah :)   Too pretty.. i can notğŸ¥¹ğŸ«¶ğŸ½ https://t.co/XffoFOHi9W";42;77;178;1310;in;385867979;1604049628399570944;skinsofun;https://twitter.com/skinsofun/status/1604049628399570944
Sat Dec 17 07:51:49 +0000 2022;1604021534649352194;"@Askrlfess emina sun protection spf 30 pa +++ ini. warnanya aneh, baunya aneh, perih kalo ga sengaja kena mata, bikin muka becek oily, bikin gerah &amp  keringetan. not too bad tapi kalo dibandingin wardah &amp  implora yang aku pake sekarang ya jauhhhhhh~ https://t.co/uCXGmHPTHn";290;463;227;4019;in;1324204879582162944;1604006269706153985;sunshinedreamie;https://twitter.com/sunshinedreamie/status/1604021534649352194
Sat Dec 17 06:56:25 +0000 2022;1604007590253379585;"@Askrlfess wardah. segala jenis produknya gapernah cocok di aku.";56;86;107;1922;in;881718812508172288;1604006269706153985;eicila;https://twitter.com/eicila/status/1604007590253379585
Wed Dec 14 09:02:55 +0000 2022;1602952263764529153;"My second bottles of wardah face mist sebab haritu i keluar dengan kawan i semua pakat pinjam nak spray kat muka sebab dorang cakap texture best! My bf pun sukaaa sbb bau oren   Not gonna lie look at how it stays on my face â€” real glowww âœ¨ https://t.co/jNAC7RMJcc";82;14;419;2046;in;984869825313832960;1602952263764529153;sofearozaidi_;https://twitter.com/sofearozaidi_/status/1602952263764529153
Sun Nov 20 01:52:20 +0000 2022;1594146593707806721;"wardah set the standard way too high ğŸ¥² gel cleanser with hydrating finish cuma 23rb buat 100ml tuh.. sedekah  DAN GUE COCOK? another best achievement sih, btw gue oily acne prone ges buat kalian yg bokek2 pake cleanser ini aja dah https://t.co/HrKTTyvAZ4";310;173;406;3642;in;1144085647860195329;1594146593707806721;cicamatcha;https://twitter.com/cicamatcha/status/1594146593707806721
Wed Nov 09 11:39:50 +0000 2022;1590308175399776257;"Watsons menggila.. Skincare Wardah semua bawah RM10???  Scrub RM5.90 Moisturizer RM9.60 Toner RM8.90 Clay mask RM7.20 Cleanser RM9.90 Day &amp  Night Cream RM15.90 https://t.co/UzdOXavCkl";51;6;334;906;in;1173590328504246272;1590308175399776257;JalanCutiSantai;https://twitter.com/JalanCutiSantai/status/1590308175399776257
Sat Oct 29 12:13:10 +0000 2022;1586330300929359873;"Kenapa tak viral viral lagi Wardah Colorfit Cushion ni???!!  Smooth and glowy je finish dia cantik weh macam pakai foundation mahal ğŸ˜­  Cuma satu je... https://t.co/MP23Hnm4Fc";274;31;1318;5329;in;378511517;1586330300929359873;hannabunnyb;https://twitter.com/hannabunnyb/status/1586330300929359873
Tue Oct 11 08:00:08 +0000 2022;1579743640796045313;"[bb] aku skrg pake wardah yg 0rEEnN kusam sekaliğŸ¥²ğŸ¥² https://t.co/D3GbBULZN6";275;1880;1685;14009;in;994801274091687936;1579743640796045313;ohmybeautybank;https://twitter.com/ohmybeautybank/status/1579743640796045313
Fri Oct 07 09:06:44 +0000 2022;1578310848573247489;"Cakap pasal wardah, rugi ye siapa tak try lagi face mist ni. Anyone kulit selalu kering tu kena try.  Everytime spray skin rasa moist and glowy je besttt gila trust me ğŸ˜­ https://t.co/sdrLM3VYTs";61;13;365;1295;in;936969084;1578310848573247489;Nurintashaa;https://twitter.com/Nurintashaa/status/1578310848573247489
Fri Oct 07 04:42:39 +0000 2022;1578244389960548354;"Shades yang i suka for wardah matte lip mouse.  Paling fav mesti la 08, brown creator. Wardah ni murah tapi texture dia best, ringan and tak buat lips i kering â¤ï¸ https://t.co/tow0aT4oeQ";106;22;1256;4534;in;936969084;1578244389960548354;Nurintashaa;https://twitter.com/Nurintashaa/status/1578244389960548354
Thu Oct 06 16:46:49 +0000 2022;1578064243269566464;"Alang alang tengah up pasal brand Indonesia, kat sini aku nak share brown/ reddish brown lip product dari Wardah yang aku suka. https://t.co/jyV7JZAzOU";246;9;2654;7153;in;1020934317785079808;1578064243269566464;nabilfikran10;https://twitter.com/nabilfikran10/status/1578064243269566464
Thu Oct 06 07:56:12 +0000 2022;1577930711406764032;"Aku faham je local brand production sikit, sebab tu harga jual mahal.   Tapi kenapa product local Indonesia murah nak mampus, Emina dgn Wardah tu masuk Malaysia harga belas ringgit je. Produk local lipstick je RM59 ale uto la.";539;79;5836;10349;in;1020934317785079808;1577930711406764032;nabilfikran10;https://twitter.com/nabilfikran10/status/1577930711406764032
Mon Sep 26 13:16:53 +0000 2022;1574387532657106944;"#WardahGoesToKWave giveaway part 2!âœ¨  As your wish weauties, Wardah masih bakal bagi-bagi 5 tiket superfestival K-Wave buat kamu!   Yuk, merapat dan simak cara ikutannya! Sebelumnya jangan lupa like dan retweet tweet ini yağŸ˜‰ https://t.co/b1L12l1Qhr";74;718;1099;1590;in;198385937;1574387532657106944;wardahbeauty;https://twitter.com/wardahbeauty/status/1574387532657106944
Wed Sep 07 03:22:21 +0000 2022;1567352545898790912;"Wait! Kenapa i takpernah tahu facemist wardah ni palingggg best! I baru pakai 3minggu dah habis ğŸ˜­ Tak ada botol besar keeeeee ğŸ˜­  I nak repeat lagi, sebab dah licin botol first! Suka sebab makeup stay lama, lepas tu dia buat muka you macam glowing ke, licin ke tkthulah nak ckp! https://t.co/n9b2Bq2am8";109;19;583;2131;in;1605672847;1567352545898790912;Chapienat;https://twitter.com/Chapienat/status/1567352545898790912
Mon Sep 05 03:39:37 +0000 2022;1566632114191478784;"The best powder foundation i pernah pakai is from wardah.   Kalau nak cepat tapi still nak bersiap cantik, pakai je powder foundation &gt  mascara &gt  lipmate/lipstick. Settle in less than 5 minutes. https://t.co/K0wbyXgeHj";99;10;782;2980;in;1178688727289221121;1566632114191478784;lyaaunnie;https://twitter.com/lyaaunnie/status/1566632114191478784
Sun Aug 14 11:42:57 +0000 2022;1558781217369378816;"Niacinamide paling affordable dekat drugstore ğŸ˜Œ  Wardah Lightening range ni pernah viral berkali-kali kan? Especially toner tu.  Tapi tulah... https://t.co/VwPTIl5S8Q";577;142;5028;15821;in;378511517;1558781217369378816;hannabunnyb;https://twitter.com/hannabunnyb/status/1558781217369378816
Sun Jul 31 11:30:43 +0000 2022;1553704706689867776;"introducing Tavi ğŸ˜ sister brandnya wardah yg ga cuma gemes packagingnya tp juga environmentally friendly &amp  powered by science  keren yaa ğŸ‘€ asli first impressionku pun aku ga nyangka ini tuh brand lokal. aku mau share experience aku cobain 3 produk dr tavi #racuninskincare https://t.co/fPhCnqQfQu";50;28;202;1012;in;31069369;1553704706689867776;nna;https://twitter.com/nna/status/1553704706689867776
Wed Jul 20 13:20:51 +0000 2022;1549746159299678209;"Saja je nak hasut korang beli lipstick wardah RM21.90 sebab i tahu ramai suka colour camni https://t.co/koDzCUilpq";63;13;252;1423;in;936969084;1549746159299678209;Nurintashaa;https://twitter.com/Nurintashaa/status/1549746159299678209
Sat Jun 25 03:59:05 +0000 2022;1540545086593069057;"Pening tak tahu nak pilih sunscreen Wardah yang mana satu?   Biru - Very hydrating, sesuai for dry and dehydrated skin  Hijau - Jenis stick and senang untuk reapply, no white cast    Kuning - Very lightweight, takde alkohol so sensitive skin pun boleh guna https://t.co/5m5s6EJhir";178;38;2376;6467;in;328045907;1540545086593069057;brgsjks;https://twitter.com/brgsjks/status/1540545086593069057
Tue Jun 21 11:18:41 +0000 2022;1539206163161829376;"Perempuan pake 10 steps korean skincare masih jerawatan, kusam dan ngerasa ga glowing.  Laki laki pake wardah:";43;49;340;1094;in;43035169;1539206163161829376;DiajengLrst;https://twitter.com/DiajengLrst/status/1539206163161829376
Tue Jun 21 06:35:07 +0000 2022;1539134804079575040;"[bb] setelah bolak balik cobain produk korea tapi gak ada cocok, akhirnya sudah 2 bulan ini cocok pakai cream malam wardah yg murah meriah. Selebihnya pakai face wash dan sunscreen. Mantul betul ğŸ˜„ğŸ’ªğŸ» https://t.co/4RsNMB3Obh";660;811;589;9611;in;994801274091687936;1539134804079575040;ohmybeautybank;https://twitter.com/ohmybeautybank/status/1539134804079575040
Tue Jun 21 03:27:55 +0000 2022;1539087694030319623;"Omg girls tengok apa I jumpa ni. Dah available kat Malaysia rupanya sunscreen stick Wardah ni. Senang pasni I nak reapply sunscreen on top of my makeup. Shuben mesti ingat I beli deodorant nanti ğŸ˜­ https://t.co/J27zwOzgRq";498;106;4026;13936;in;328045907;1539087694030319623;brgsjks;https://twitter.com/brgsjks/status/1539087694030319623
Mon Jun 20 11:15:31 +0000 2022;1538842979573506048;"kalo kalian punya bekas jerawat tp males pake concealer karena lama pengennya yg sat set sat set cobain deh pake bedak wardah colorfit velvet powder foundation, harganya 60kan tp coveragenya mantep bgt ğŸ‘feelsnya mirip bgt kayak bedak luxcrime  #racuninmakeup #wardahcolorfit https://t.co/iYuId3AW8D";104;56;451;3727;in;1434068646695895042;1538842979573506048;fairestwin;https://twitter.com/fairestwin/status/1538842979573506048
Mon May 23 09:53:38 +0000 2022;1528675513216401409;"âœ¨ battle cushion: Wardah vs Hanasui  keduanya skincare infused &amp  cukup affordable ğŸ¤ ã…¡ perbandingan: finish, coverage, ketahanan, transfer, packaging + puff, dll.  ğŸ’° aku beli 22nya dgn harga yg lebih murah lagii, tar aku infokan di replies ya!  #racuninskincare #racuninmakeup https://t.co/tZbZeSwpQL";14;12;218;1515;in;900834130379788288;1528675513216401409;glowithven;https://twitter.com/glowithven/status/1528675513216401409
Sun May 15 04:48:49 +0000 2022;1525699702720954368;"Kalau pergi Watsons or Guardian tolonglah beli Wardah Colorfit Foundation ni. Sumpah ringan gila rasa macam tak pakai pape. Kalau beli time sale boleh dapat dalam 13+ macam tu je.   Habis la kalau shuben I baca tweet ni I dah janji tak nak beli makeup baru lagi ğŸ˜­ğŸ˜­ğŸ˜­ğŸ˜­ğŸ˜­ https://t.co/aqeCa0xGDb";49;10;268;1237;in;328045907;1525699702720954368;brgsjks;https://twitter.com/brgsjks/status/1525699702720954368
Wed May 11 01:56:01 +0000 2022;1524206663435440129;"I nak racun you girls with another lipstick. Wardah Instaperfect Matesetter in the shade 08 Edge. Lawa gila pls shade ni. Beli time sale harga jadi around 15+ macam tu. And the best part is dia tak keringkan bibir langsung. Love sangat. Nak suruh husband I beli banyak banyak ğŸ˜ https://t.co/UEEgIhi06I";207;22;1306;4444;in;328045907;1524206663435440129;brgsjks;https://twitter.com/brgsjks/status/1524206663435440129
Tue May 10 08:54:16 +0000 2022;1523949529334444032;"mau ngereview Cream blush favoriteku dari local brand â™¡  - Harganya 30K aja - Warnanya super cantik  Wardah Colorfit Cream Blush Review â€”A Thread https://t.co/zLKVm5aUVu";103;41;480;4739;in;1302137829678411776;1523949529334444032;beautilogybytan;https://twitter.com/beautilogybytan/status/1523949529334444032
Wed May 04 09:28:53 +0000 2022;1521783915094360064;"â€”Ada yg lagi ngewishlist 2 cushion hits ini? Bingung lebih bagus yg mana?  Aku akan ngebattle 2 cushion ini mulai dari segi: - packaging - tekstur - finish, coveragenya dll  Wardah colorfit perfect glow cushion vs Hanasui serum Cushion Battle Reviewâ™¡  #BattleinTan https://t.co/gAzsYcwZbR";26;39;186;1237;in;1302137829678411776;1521783915094360064;beautilogybytan;https://twitter.com/beautilogybytan/status/1521783915094360064
Thu Apr 28 05:36:50 +0000 2022;1519551192644599808;"Untuk cleanser murah tetep jatoh ke Wardah Hydra Rose sih. 100 ml cuma 20ribuan udah gitu gak bikin kulit jadi kering atau ketarik ğŸ˜­â¤ï¸  yang penasaran bisa cek disini ğŸ˜ğŸ‘ link: https://t.co/X2MbO38cth https://t.co/qRrguiyUrj";232;42;105;1471;in;1361669456041103364;1519435363831652352;skincarian;https://twitter.com/skincarian/status/1519551192644599808
Wed Apr 27 20:42:55 +0000 2022;1519416824496291840;"@ohmybeautybank Mending pake wardah hydra rose deh, nder. 11-12 sama Cosrx yang morning gel itu, harganya 25k/100ml. ğŸ˜­  Btw ini kalo kata gue ya, gue udah nyobain cosrx morning gel itu sana warda hydra rose ini, kalo kata gue 11-12 ğŸ˜­";109;69;91;1196;in;903542121801453568;1519360565918900231;jongjaehyun_;https://twitter.com/jongjaehyun_/status/1519416824496291840
Wed Apr 27 15:49:18 +0000 2022;1519342935246270465;"Kalau pergi Watsons or Guardian tolonglah beli eyeshadow wardah series A. Pigmented &amp  tak luntur. Lepastu dia shimmering????? Harga pun affordable tak sampai pun RM30 and pocket friendly. Jaga jaga sebab selalu juga oos ğŸ˜­ğŸ˜­ğŸ˜­ğŸ˜­ğŸ˜­ https://t.co/7HuX3zpLDK";33;22;215;1249;in;4445251757;1519342935246270465;Kiselwitxh_;https://twitter.com/Kiselwitxh_/status/1519342935246270465
Sat Apr 16 01:54:05 +0000 2022;1515146479467634688;"Kosmetik Wardah lebih amanah #BoikotMustikaRatu https://t.co/GA0xgC1R4H";70;163;1048;4424;in;468467607;1515146479467634688;EryawanP;https://twitter.com/EryawanP/status/1515146479467634688
Fri Apr 15 22:57:00 +0000 2022;1515101916081971203;"Pake wardah yuuk... Halal... #BoikotMustikaRatu https://t.co/R9Ptf1Garo";74;242;1029;3400;in;1104200981674287105;1515101916081971203;Been4Q59;https://twitter.com/Been4Q59/status/1515101916081971203
Fri Apr 15 17:48:30 +0000 2022;1515024279473389569;"Ayo beralih ke Wardah ja .. https://t.co/6w9hCrwDzE";21;32;305;1014;in;985350111394852865;1515024279473389569;Romeo7Be;https://twitter.com/Romeo7Be/status/1515024279473389569
Wed Apr 13 08:36:53 +0000 2022;1514160684665212928;"Campaign-nya Wardah yang baru ini kok deket bener ya sama hidupku. Dua tahun dihantam pandemi, banyak yang pergi, merasa di titik paling bawah, merasa belum bisa jadi apa-apa buat keluarga, ngga bisa bantu banyak, banyak momen nangis-nangisnya ğŸ˜­ğŸ˜­ğŸ˜­ https://t.co/9RuT8cp1B9";119;34;1168;5774;in;255504621;1514160684665212928;cinemuach;https://twitter.com/cinemuach/status/1514160684665212928
Tue Apr 12 09:36:02 +0000 2022;1513813183571828737;"â€” Wardah colorfit cushion review + Makeup Tutorial ğŸ’–  Another day another tutorial~ Step by stepnya kurang lebih sama, jadi yang udh bosen boleh di skip &amp  yang belum nonton boleh bgt disimak ğŸ¥°  #racuninmakeup #reviewbylia https://t.co/9ZkaDgQm4r";15;20;208;1341;in;333232347;1513813183571828737;reviewbylia;https://twitter.com/reviewbylia/status/1513813183571828737
Mon Apr 11 03:50:21 +0000 2022;1513363798207320069;"REKOMENDASI CUSHION AFFORDABLE! ğŸ˜‰âœ¨ Selalu suka sama series Colorfit nya wardah. Kemarin sudah coba foundation nya trs skrg mereka ngeluarin cushion langsung cobain juga wkwk. Ternyata cushionnya oke juga loh! https://t.co/eRS2jonSC1";12;20;234;1159;in;1297110784305053697;1513363798207320069;thisiskiaaa;https://twitter.com/thisiskiaaa/status/1513363798207320069
Mon Apr 04 07:42:49 +0000 2022;1510885588823855109;"@NonaMaya222 Trus mereka cerita setiap ada bencana atau apapun itu di negri kita, Wardah selalu buru2 donasi (ga pake galang dana ya, dr kantong mereka sendiri) tapi ga mau smp ada yang tau. Dari situ gw respect banget sama perusahaan ini, and i am honored to be able to worked with them.";37;3;341;5301;in;86268235;1510851295405490179;RCHNS;https://twitter.com/RCHNS/status/1510885588823855109
Mon Apr 04 07:40:38 +0000 2022;1510885036824080386;"@NonaMaya222 Gue pernah kerja di agency dan memegang wardah sebagai klien, kita ajuin idea ttg charity campaign. Ide lgsg ditolak sm internal team mereka karena ibu Subakat itu pemegang teguh prinsip â€œkalau tangan kanan memberi, tangan kiri ga boleh tau.â€";124;21;501;5447;in;86268235;1510851295405490179;RCHNS;https://twitter.com/RCHNS/status/1510885036824080386
Mon Apr 04 05:26:33 +0000 2022;1510851295405490179;"Tau ga sih kalo perusahaan yg menaungi wardah ini sangat memanusiakan karyawannya? Gw tiap denger cerita temen gw yg kerja di situ dengan semua kemudahan dan fasilitasnya iri pake banget ğŸ˜";1672;611;6547;43391;in;44561934;1510851295405490179;NonaMaya222;https://twitter.com/NonaMaya222/status/1510851295405490179
Sun Apr 03 15:02:55 +0000 2022;1510633952067067907;"Bbrp faktor yg bikin wardah bisa sesukses ini  1. Strategi marketing pasar yg oke 2. Teknik promosi yg bagus (Tau kan mba sales wardah sejago apa nawarinnyağŸ˜‚) 3. Produknya gampang di akses (literally mereka ada dmn - mn) 4. Harga yg terjangkau 5. Produk yg sesuai dgn indonesia";37;6;60;1213;in;1302137829678411776;1510541769859276801;beautilogybytan;https://twitter.com/beautilogybytan/status/1510633952067067907
Sun Apr 03 10:26:01 +0000 2022;1510564271184232451;"@beautilogybytan @wardahbeauty Wardah adalah bukti bahwa brand yang kuat pasti punya positioning yang unik, seenggaknya saat pertama digagas. Bahkan, meski kini hampir semua skincare punya logo halal, tetap yang posisinya kuat sebagai skincare/makeup halal hanya Wardah.";2;1;77;1646;in;150213645;1510541769859276801;destriaaryani;https://twitter.com/destriaaryani/status/1510564271184232451
Sun Apr 03 09:07:12 +0000 2022;1510544434404163585;"founder Wardah bernama ibu Dra. Hj. Nurhayati Subakat adalah lulusan terbaik Jurusan farmasi, Institut Teknologi Bandung yang lulus pada tahun 1975 https://t.co/JIht40FetX";74;6;100;1852;in;1302137829678411776;1510541769859276801;beautilogybytan;https://twitter.com/beautilogybytan/status/1510544434404163585
Sun Apr 03 08:56:37 +0000 2022;1510541769859276801;"Wardah merupakan brand kosmetik pertama yg mendapatkan sertifikat halal dari MUI.  Sambil nungguin buka puasa aku mau cerita sejarah panjang wardah yang berawal dari usaha rumahan dan kemudian menjadi salah satu brand kosmetik halal terbesar di dunia!  #TanBeautyPedia https://t.co/tuuJRdxn57";681;240;3752;20125;in;1302137829678411776;1510541769859276801;beautilogybytan;https://twitter.com/beautilogybytan/status/1510541769859276801
Fri Mar 25 06:39:35 +0000 2022;1507245797200756739;"@mrs_enci kata bini gue " wardah atau marta tilaar tau produknya tp ga tau ownernya tp ms glow tau ownernya ga tau produknya " ğŸ¤­...";30;9;224;1330;in;1216284219887894528;1506982942488555523;YRumbon;https://twitter.com/YRumbon/status/1507245797200756739
Sun Mar 13 10:02:15 +0000 2022;1502948144828805123;"âœ¨Short Reviewâœ¨  ğŸ‚â€”HANASUI Serum Cushion &amp  WARDAH Colorfit Perfect Glow Cushionâ€”ğŸ‚  Keduanya ngasih claim hasil dewy &amp  glowing sehat. Mana nih jagoan kalian?   #MellsRoom #racuninmakeup #racuninskincaremakeup https://t.co/IXzft8gZrc";26;20;242;1126;in;1595070144;1502948144828805123;sibtbdazzling;https://twitter.com/sibtbdazzling/status/1502948144828805123
Wed Mar 09 03:14:42 +0000 2022;1501396029257957376;"@AREAJULID Gue juga heran. Padahal nyonyabersinar brand nya belum sekelas PT. Paragon yg punya brand emina, make over &amp  wardah. Yg punya paragon juga ga terlalu show off kalo dia yg punya. Padahal kalo diliat2, paling gede brandnya paragon";178;78;701;7294;in;1440708166321250305;1501392776302260228;cioyengmtk;https://twitter.com/cioyengmtk/status/1501396029257957376
Tue Mar 08 03:03:18 +0000 2022;1501030771733446659;"@tubirfess Go international itu stepsnya bertahap, at least masuk dulu ke pasar SEA sebagai langkah awal. Brand indo, mostly beauty kayak wardah, avoskin, somethinc, dll udh pada masuk ke market SEA dan gak lebay kayak lo pada. Yg terpenting mereka gak kasih info yg menyesatkan ke audience.";8;2;146;1303;in;954704514069684224;1501027453069770753;plumssi;https://twitter.com/plumssi/status/1501030771733446659
Thu Feb 10 01:59:10 +0000 2022;1491592549181505538;"Bismillah D.O. Kyungsoo X WARDAH   ğŸ˜‚ğŸ˜‚ğŸ˜‚ğŸ˜‚ğŸ˜‚ğŸ˜‚ https://t.co/hYQJevFOoD";210;100;462;4093;in;1108565698173792256;1491592549181505538;Ayumi_chan901;https://twitter.com/Ayumi_chan901/status/1491592549181505538
Mon Jan 10 11:50:08 +0000 2022;1480507244349313026;"[bb] hi guis sender mau sharing bedak wardah colorfit powder foundation ternyata hasilnya bagus bangettttt!ğŸ˜­ğŸ‘ğŸ» pas pake ini, langsung ditanyain temen2 pake bedak merk apa karena katanya keliatan smooth dan nempel banget sama kulitğŸ’— fix ini jadi holygrail ku,  (cont..) https://t.co/ZxtMfTDDds";65;119;215;2953;in;994801274091687936;1480507244349313026;ohmybeautybank;https://twitter.com/ohmybeautybank/status/1480507244349313026
Sun Jan 02 10:46:38 +0000 2022;1477592164435513346;"@ohmybeautybank Kaum Emina dan Wardah mundur teratur";9;26;57;1664;in;1078457548112457729;1477576675437146114;hyacinthgraces;https://twitter.com/hyacinthgraces/status/1477592164435513346
Fri Dec 31 21:01:55 +0000 2021;1477022229418315776;"@seterahdeh wardah sasaran salesnya mbak-mbak kabupaten pecinta aparat 'halo dek' kalii yaa";1;1;7;1533;in;1278269892882337792;1476903760534269954;koganenohikari;https://twitter.com/koganenohikari/status/1477022229418315776
Fri Nov 26 10:40:16 +0000 2021;1464182207912681472;"[bb] seneng banget guyss padahal bareface tapi tadi pas vc cowoku bilang â€œkok makeup an mau kemana?â€ ğŸ˜­ğŸ˜­ğŸ˜­ğŸ˜­ğŸ˜­ğŸ˜­ ayooo semangat skincare-an sampe bareface pun dikira makeup an ğŸ’ªğŸ»ğŸ’ªğŸ»ğŸ’ªğŸ»  Fyi skincare ku : fw wardah aloe, toner hatomugi,  (cont..) https://t.co/acA6SsbwWb";171;230;557;7151;in;994801274091687936;1464182207912681472;ohmybeautybank;https://twitter.com/ohmybeautybank/status/1464182207912681472
Tue Nov 09 08:14:03 +0000 2021;1457984818226941953;"Duh, ga nyangka banget lips yang harganya 60 ribuan ini hasilnya mantep, nutupin bibir gelap wihh.  Mana Cream Blushnya juga cantik banget.  Yuuk kepoin WARDAH COLORFIT: âœ¨ Fresh Matte Lip Ink âœ¨ Cream Blush  #racunskincaremakeup #racunskincare #WardahBeauty #BeautyMovesYou https://t.co/6DbPLMhGtQ";11;22;247;1310;in;1279933889574666241;1457984818226941953;skingoldenhour;https://twitter.com/skingoldenhour/status/1457984818226941953
Mon Nov 08 04:28:00 +0000 2021;1457565542693232647;"Wardahâ€™s pencil liner! https://t.co/1NvoPhSqWp";94;8;491;2871;in;1153859053589712896;1457565542693232647;DahliaRizal;https://twitter.com/DahliaRizal/status/1457565542693232647
Sat Nov 06 12:00:19 +0000 2021;1456954599017902082;"Banyak kali nampak dekat timeline orang promote wardah lipstick moose ni. Masalah sekarang nak beli 1 je tapi banyak pulak warna yang cantik cantikğŸ˜© korang dah try ke belum lipstick ni? Harga pun affordable https://t.co/LMDYRKS783";159;12;342;1138;in;893140928327589888;1456954599017902082;ketengahketepi;https://twitter.com/ketengahketepi/status/1456954599017902082
Thu Oct 21 07:05:12 +0000 2021;1451082121167048704;"[BB] âš ï¸ awas mata âš ï¸ Wardah EyeXpert Volume Expert Mascara ternyata BAGUSSS drpd maybelline ğŸ˜­ğŸ˜­. Maybelline hbs kena air lgsg turun bulu matanya ğŸ˜­ğŸ˜­ğŸ˜­. Aku make dr jam 7 ya https://t.co/YZqEiMWD4T";55;123;161;3116;in;994801274091687936;1451082121167048704;ohmybeautybank;https://twitter.com/ohmybeautybank/status/1451082121167048704
Mon Sep 13 07:30:52 +0000 2021;1437317841452093442;"âœ¨UV Shield Sun Stick Try and Reviewâœ¨  Mau cobain dan review Wardah UV Shield Sun Stick?  Kali ini Wardah akan bagi-bagi 25 package Wardah UV Shield Sun Stick untuk kamu!  Cek cara ikutannya di tweet setelah ini, ya https://t.co/o0WXy0IHHV";12;435;703;789;in;198385937;1437317841452093442;wardahbeauty;https://twitter.com/wardahbeauty/status/1437317841452093442
Mon Sep 06 12:46:20 +0000 2021;1434860518632615945;"@bertanyarl Tim nyangka makeover brand luar ada ? Dan setelah masuk Paragon ternyata makeover saudara nya wardah dan kakak nya dari emina dan khaf https://t.co/LKodstTkhK";32;35;59;1319;in;4802842900;1434822435593883648;smslmrp;https://twitter.com/smslmrp/status/1434860518632615945
Sun Jul 18 07:05:50 +0000 2021;1416655435591938049;"Wardah sudah salurkan dana CSR lebih dari Rp 64,2 miliar untuk atasi Covid https://t.co/LrNpmwFb5L";48;58;656;2537;in;22126902;1416655435591938049;republikaonline;https://twitter.com/republikaonline/status/1416655435591938049
Sat Jul 10 04:29:14 +0000 2021;1413716923775295492;"SapeÂ² yg order barang dr Shopee.. Minta spray dulu brg.50 orang pekerja Shopee di sahkan positif.ğŸ˜¢ğŸ˜· https://t.co/En0X1hdbRH";420;57;7640;4071;in;1245646287724142594;1413716923775295492;wardi_wardah;https://twitter.com/wardi_wardah/status/1413716923775295492
Fri Jun 18 12:59:51 +0000 2021;1405872890835128320;"*melihat orang orang bisa cocok sama skincare Garnier, Wardah dan Emina*  Aku dalam hati : https://t.co/xjgCdqkhFf";128;112;473;1381;in;1572072290;1405872890835128320;sukaskincarean;https://twitter.com/sukaskincarean/status/1405872890835128320
Thu Jun 10 10:07:35 +0000 2021;1402930433168343043;"Min nak bagi set Wardah make up produk utk korang. âœ¨ Nak dapat? Senang je , follow @watsonsmy , like dgn RT saja. Min akan pilih 2 pemenang ! ğŸ˜ https://t.co/PYFXqiv7zt";54;160;1212;1447;in;1031418047095922688;1402930433168343043;watsonsmy;https://twitter.com/watsonsmy/status/1402930433168343043
Wed Jun 09 13:55:11 +0000 2021;1402625323989016620;"[bb] Sudahi jajan lipen mahal, mari pakai Wardah Korean Edition bersamakuğŸ‡°ğŸ‡·âœ¨ shade 11 sunkissed jeju ini warna nude yang cocok di semua skintone! Lembut dan spreadable, nutup, ga kering samsek, masih nyisain stain yang cakepğŸ¥º  https://t.co/gLw563ZLKU";232;314;438;5888;in;994801274091687936;1402625323989016620;ohmybeautybank;https://twitter.com/ohmybeautybank/status/1402625323989016620
Tue Mar 16 02:30:05 +0000 2021;1371649945430675458;"Wardah UV Shield ni sekarang RM11.70 je! Ni yang packaging baru but same formulation dengan yang lama.  https://t.co/Da8U0EjApQ https://t.co/g5pTGPs55C";127;34;709;2244;in;23139167;1371649945430675458;ImanAbdulRahim;https://twitter.com/ImanAbdulRahim/status/1371649945430675458
Tue Mar 02 18:40:14 +0000 2021;1366820658898817026;"Cantik ye Wardah Hydra Rose ni ğŸŒ¹ https://t.co/OWGGemVNrP";52;12;175;861;in;23139167;1366820658898817026;ImanAbdulRahim;https://twitter.com/ImanAbdulRahim/status/1366820658898817026
Sun Feb 28 07:48:44 +0000 2021;1365931928931561472;"Korang dah try ke belum Wardah punya Velvet Matte Lip Mousse ğŸ¥µ  Best teeeeruk smooooth gila ğŸ’‹ https://t.co/Yu3K8H0ZMD";719;96;2621;6825;in;568737550;1365931928931561472;tehaha_;https://twitter.com/tehaha_/status/1365931928931561472
Sat Feb 27 01:15:16 +0000 2021;1365470524516618240;"[bb] WARDAH YG BARU GUYSSğŸ˜€ https://t.co/EhdsSAUG4i";176;341;141;2534;in;994801274091687936;1365470524516618240;ohmybeautybank;https://twitter.com/ohmybeautybank/status/1365470524516618240
Thu Feb 25 16:00:39 +0000 2021;1364968560527892487;"@PistachioBlosom masa iya jadi headoffice @Indomaret wardah dan kerja di @mrtjakarta, orang tanggal 11 bulan lalu aja masih nyari kerja https://t.co/eC9AkZiPgu";130;144;298;1526;in;1305493622356193281;1364768618488033288;polemson_;https://twitter.com/polemson_/status/1364968560527892487
Wed Feb 17 06:57:36 +0000 2021;1361932794193055744;"@subtanyarl Kapas selection = 5k Skin aqua = 50k Wardah = 30k Garnier = 20k  Total = 105k  Pacar lu suruu nabung sehari 5k bisa dapet itu sisa nya beli seblak. Jangan mau buat apa2 dibeliin, mana pake anceman putus, manfaatin kamu doang itu nama nya";2;23;43;1863;in;1012708113529491461;1361931121877868550;aukdahlupa;https://twitter.com/aukdahlupa/status/1361932794193055744
Tue Feb 16 03:18:50 +0000 2021;1361515354858524674;"GAR ITB menyasar dua figur penting. Selain Din, ada figur pengusaha Nurhayati-- Din disasar karena kritis, ibu Nur karena persaingan ekonomi. Apakah ini bagian dari strategi penghancuran usaha pribumi? Wardah salah satu produk kecantikan yg berkembang pesat di tanah air saat ini.";15;39;506;1662;in;171835513;1361515354858524674;Fakhruddin_MS;https://twitter.com/Fakhruddin_MS/status/1361515354858524674
Sun Feb 14 13:12:59 +0000 2021;1360940101920911361;"Pemilik kosmetik (Owner) Wardah Ibu Nurhayati Subakat pernah menyumbang ke almamaternya ITB Rp 52 M dan jadi pengusaha pertama yg menyumbang Rp 40 M untuk penanganan Covid19   Emangnya yang nyebut Radikal ke Prof Din Syamsuddin ini udah nyumbang berapa â‰ï¸ ğŸ˜…ğŸ¤£ https://t.co/TVfkiACDnz";33;147;985;3507;in;84003038;1360940101920911361;__4Lf4th112ad7a;https://twitter.com/__4Lf4th112ad7a/status/1360940101920911361
Sun Feb 14 12:21:02 +0000 2021;1360927025142267908;"GAR ITB juga Surati CEO Wardah, Protes Beasiswa Perintis yang Hanya Khusus untuk Muslim  Grup Julid  ğŸ¤­ğŸ˜…ğŸ¤£ https://t.co/uoE2CbQXjl";40;240;375;1674;in;719725925215170561;1360927025142267908;marlina_idha;https://twitter.com/marlina_idha/status/1360927025142267908
Sun Feb 14 07:20:31 +0000 2021;1360851396875087873;"Gak proporsional jika mempertanyakan, kenapa Wardah memberikan beasiswa pada muslim? Ya, suka2 yang punya duit dong... Yang patut dipertanyakan itu duit dari APBN tapi buat bayar buzzerRp. Apa manfaatnya buat rakyat?";42;151;1301;5335;in;853069924956160000;1360851396875087873;HisyamMochtar;https://twitter.com/HisyamMochtar/status/1360851396875087873
Sun Feb 14 04:16:44 +0000 2021;1360805149057245187;"[Bb] halo, aku mau sharing nih, setelah 2 tahun rajin pake lipcare bibirku ga pucet lagi. Di foto aku pake lipbalm wardah + ppp tipis aja. - Pagi : wardah + pure paw paw - Malam : emina lipbalm + emina lipmask - Scrub 2-3x seminggu Yg paling bagus menurutku pure paw paw  (cont..) https://t.co/rNAfbdAQgu";19;52;172;1725;in;994801274091687936;1360805149057245187;ohmybeautybank;https://twitter.com/ohmybeautybank/status/1360805149057245187
Sat Feb 13 15:46:40 +0000 2021;1360616389560598528;"GAR ITB juga Surati CEO Wardah, Protes Beasiswa Perintis yang Hanya Khusus untuk Muslim https://t.co/mRlf2kuuFQ";272;763;461;1585;in;3319260420;1360616389560598528;geloraco;https://twitter.com/geloraco/status/1360616389560598528
Wed Feb 03 13:54:50 +0000 2021;1356964364171968514;"Semestinya Wardah! Vitamin C yang perfect for beginners yang baru nak add vitamin C serum in their routine ğŸ’¯ https://t.co/5Q3shld2DR https://t.co/2N1npyQqIH";39;22;364;1292;in;23139167;1356964364171968514;ImanAbdulRahim;https://twitter.com/ImanAbdulRahim/status/1356964364171968514
Sun Jan 24 10:28:23 +0000 2021;1353288530168934400;"@fluffyskj @tanyainrl waah sepertinya wardah harus mengubah desain kemasan nya agar bisa lebih dibedakan ğŸ™„";1;9;63;2507;in;1262143571735371776;1353277759133343744;crzgrl023;https://twitter.com/crzgrl023/status/1353288530168934400
Fri Jan 22 16:26:00 +0000 2021;1352653752679899136;"[Bb] anakku baru dateng wardah velvet 09 &amp  12 Ternyata cantik banget buat diombre apalagi kalo ditambah glossy stain emina ditengah bibirnya. Makin cakep ğŸ¤© https://t.co/NIyA64WNNc";6;32;48;864;in;994801274091687936;1352653752679899136;ohmybeautybank;https://twitter.com/ohmybeautybank/status/1352653752679899136
Thu Nov 12 10:41:24 +0000 2020;1326837494273355782;"Aku rasa extra kaya masuk Guardian hari ni. Kau bayangkan skincare semua 40% off. Wardah sampai 50% off. Banyak gila yg bawah RM 10. https://t.co/InnQwf7fpl";1152;131;1765;4081;in;562974188;1326837494273355782;NaufalAntezem;https://twitter.com/NaufalAntezem/status/1326837494273355782
Tue Oct 13 00:09:16 +0000 2020;1315806775350763521;"yang masi pake emina, wardah, pixy minggir dulu yuk â˜ºï¸   #KAIxBOBBIBROWN @weareoneEXO https://t.co/hyw7ze9qn8";76;95;224;903;in;1177571367408947200;1315806775350763521;bubbleteaui;https://twitter.com/bubbleteaui/status/1315806775350763521
Wed Aug 12 11:30:01 +0000 2020;1293510045783609345;"Untuk beginners yg budget tak banyak, Wardah. Around RM30.  Kalau nak try yg best sikit, @yelloskincarehq Snowmeric Serum!   Kalau budget extra and nak yang power, jap I bagi contoh.";9;10;236;842;in;23139167;1293510045783609345;ImanAbdulRahim;https://twitter.com/ImanAbdulRahim/status/1293510045783609345
Sun Aug 09 00:31:53 +0000 2020;1292257255140683776;"@subtanyarl Aku uda capek ngmg ketmn.mreka malah blg "iyalah yg makeupannya mahal".gamesti mahal.cukup yg drugstore,yg berbpom dan bkn tiruan.bnyk merk drugstore kaya emina,wardah murah kok.kdg ada org sngj beli kwan merk mahal hny krna gengsi.";9;28;155;1716;in;1255108094297812992;1292196402706042880;09isyourjeno;https://twitter.com/09isyourjeno/status/1292257255140683776
Sun Jul 12 11:05:25 +0000 2020;1282269828405841920;"[BB] ada yang udah nyobain ss wardah yang ini? Bagus gaa guys? Aku penasaran trs ambil aja tadi hehehğŸ˜­ https://t.co/c7xgqzK4h9";39;221;70;1181;in;994801274091687936;1282269828405841920;ohmybeautybank;https://twitter.com/ohmybeautybank/status/1282269828405841920
Sat Jul 04 13:30:33 +0000 2020;1279407251573182464;"[bb] mau racunin ini. cantik banget warnanya buat di ombreğŸ˜ ini wardah velvet matte lip mousse shade ombre charmer 09 sama chic terracotta 12 https://t.co/QKD6mGEWs0";9;52;86;991;in;994801274091687936;1279407251573182464;ohmybeautybank;https://twitter.com/ohmybeautybank/status/1279407251573182464
Sat Jul 04 11:45:17 +0000 2020;1279380760512757761;"[bb] gais ternyata wardah ngeluarin produk baru, harganya juga terjangkauğŸ˜ (pict: puspaindah) https://t.co/SFvbOYiy8a";63;312;110;1462;in;994801274091687936;1279380760512757761;ohmybeautybank;https://twitter.com/ohmybeautybank/status/1279380760512757761
Sat Jun 27 12:34:29 +0000 2020;1276856427668058112;"Pake produk wardah kok nggak ada cocok-cocoknya, yang ada muka malah makin burik, muka w haram banget keknya";22;86;101;1426;in;1114918612060360704;1276856427668058112;ayyuaspita19;https://twitter.com/ayyuaspita19/status/1276856427668058112
Sat Jun 20 05:37:54 +0000 2020;1274214875439362051;"Halal bersama Wardah.  Cantik dari hati cantik yang sesungguhnya ~EXO https://t.co/qD16faCMb1";11;76;135;699;in;1137636970501267457;1274214875439362051;RXoxolf;https://twitter.com/RXoxolf/status/1274214875439362051
Sun Jun 14 16:50:17 +0000 2020;1272209758657732614;"[bb] wardah velvet mousse no 14 cakeup bgt warnanya gaisssğŸ˜­ğŸ˜­ğŸ˜­ https://t.co/IIlXpy60ki";15;67;58;781;in;994801274091687936;1272209758657732614;ohmybeautybank;https://twitter.com/ohmybeautybank/status/1272209758657732614
Fri Jun 05 11:17:21 +0000 2020;1268864482798792705;"@ohmybeautybank lbh bagus lagi pk wardah nder kalo ciuman jd halal";23;48;139;1020;in;1032930523381825536;1268862687368241158;killyoubitj;https://twitter.com/killyoubitj/status/1268864482798792705
Wed May 20 22:02:16 +0000 2020;1263228576469565440;"Sekilas inpoh  Muhammadiyah : Rp 124M Boss Wardah: Rp 40M Baim Wong: Rp 15M Koh Steven: Rp 12M Konser Didi Kempot: Rp 7,5M  Sementara.. Konser BPIP: Rp 4M  Nilainya Paling Kecil, Tapi Gaduhnya Paling Besar. Berarti, Bak Pepatah Tong Kosong Nyaring Bunyinya? Begitulah..  ğŸ˜ğŸ˜";29;50;253;645;in;279312062;1263228576469565440;Kanseulir;https://twitter.com/Kanseulir/status/1263228576469565440
Tue May 19 14:29:55 +0000 2020;1262752350118133763;"Tanpa Konser, Bos Wardah Berikan Rp40 Miliar untuk Tangani COVID-19 https://t.co/P3TO3dB0FQ";85;60;1179;3173;in;1082992095361609728;1262752350118133763;idtodayco;https://twitter.com/idtodayco/status/1262752350118133763
Thu May 07 22:22:43 +0000 2020;1258522679524462592;"8. Sembonia dan Carlo Rino adalah di  bawah Bonia 9. Sushi King adalah hasil buah tangan chef dari Jepun yg mendirikan perniagaan sushi di Malaysia 10. Wardah adalah jenama kosmetik dari Indonesia 11. Cheong Choon Ng, rakyat kelahiran Malaysia yg mencipta Rainbow Loom band";20;4;295;1105;in;562974188;1258496395645837314;NaufalAntezem;https://twitter.com/NaufalAntezem/status/1258522679524462592
Mon May 04 13:10:12 +0000 2020;1257296469070999553;"[bb] wardah velvet mousse shade 13 sweet cinnamonğŸ˜ cantik bgt nih diombre sama no.9nya https://t.co/Ngd69IJEU6";8;58;59;765;in;994801274091687936;1257296469070999553;ohmybeautybank;https://twitter.com/ohmybeautybank/status/1257296469070999553
Sat May 02 14:05:28 +0000 2020;1256585600586575872;"(D4-09-03-01)  Di dalam bilik Syira dan Wardah.  "Jom kita naik tingkat 10 nak ?" Syira bersuara  "Banyak lah kau ! Nak buat apa ?" Tanya aku  "Kau macam takut je ?"  Aku terus memandang Syira.  "Aku bukan takut lah. Tapi nak buat apa naik atas sana ?"  "Cari hantu."  -Wardah- https://t.co/WDzGh5AN2W";80;30;565;934;in;1169676048042119169;1256585600586575872;detikseram;https://twitter.com/detikseram/status/1256585600586575872
Sat May 02 08:05:11 +0000 2020;1256494932358922241;"[BB] kalian haruss belii Wardah velvet matte nomor 14 dainty caramel warnanya sebagus itu donggğŸ˜­ğŸ˜­â™¥ï¸ https://t.co/CXavaxZn72";12;105;121;1358;in;994801274091687936;1256494932358922241;ohmybeautybank;https://twitter.com/ohmybeautybank/status/1256494932358922241
Fri Apr 17 14:41:33 +0000 2020;1251158866538070022;"[BB] tanteku random bgt tiba2 bilang gini  ğŸ˜Š : km pake apa skr?  ğŸ™ƒ : pake yuja niacin, produk korea ğŸ˜Š : ih kok km pake produk abal2 gitu si?  ğŸ™ƒ : itu bkn abal2 kok......  ğŸ˜Š : ih masa? Knp ga pake yg jelas aja kaya pixy, wardah. Itu kan bagus banget  (cont..) https://t.co/ZnUgCQPGx3";36;369;53;853;in;994801274091687936;1251158866538070022;ohmybeautybank;https://twitter.com/ohmybeautybank/status/1251158866538070022
Thu Apr 16 10:56:03 +0000 2020;1250739729860968449;"[BB] Agar kalian makin yakin bahwa wardah velvet matte no 14 ini cantik bangetğŸ–¤ https://t.co/8NuZvF9xgt";63;201;191;2139;in;994801274091687936;1250739729860968449;ohmybeautybank;https://twitter.com/ohmybeautybank/status/1250739729860968449
Thu Apr 16 07:46:01 +0000 2020;1250691903265189888;"[BB] AKU MAU RACUNIN KALIAN! Ini wardah lip mousse yang shade terbaru 14 dainty caramel, bagus bgt buat warm undertone apalagi dan ini jawaban buat kalian yg kulitnya sawo matang! Cakep bgt suwerrrğŸ˜­ https://t.co/MxnkjjQDxC";36;196;173;2013;in;994801274091687936;1250691903265189888;ohmybeautybank;https://twitter.com/ohmybeautybank/status/1250691903265189888
Sat Apr 04 16:50:46 +0000 2020;1246480341834948609;"ğŸ‘©ğŸ»â€ğŸ¦°: Yang  ğŸ‘¦ğŸ¼: Yaaaa ğŸ‘©ğŸ»â€ğŸ¦°: Aku lipstikin pake wardah ya? ğŸ‘¦ğŸ¼: Hah?! biar apa heh?! ğŸ‘©ğŸ»â€ğŸ¦°: Biar halal kalo cium ğŸ¥º ğŸ‘¦ğŸ¼: Gak gitu yaaaa ğŸ˜­ğŸ˜­ğŸ˜­ yodah ayooookkk ğŸ˜­ğŸ˜­ğŸ˜­";14;38;74;985;in;958913569780740098;1246480341834948609;MelindaAghnia;https://twitter.com/MelindaAghnia/status/1246480341834948609
Thu Apr 02 09:16:33 +0000 2020;1245641260217466883;"ã…¤  Apa bener kalo cewenya pake lipstik wardah cipokannya jadi halal?  ã…¤ã…¤";16;197;98;819;in;1235749106879827968;1245641260217466883;overthingshit;https://twitter.com/overthingshit/status/1245641260217466883
Sun Mar 29 09:17:55 +0000 2020;1244192050628579329;"Exo kalau jadi BA lokal kira kira begini.   Sehun = Pampers MomyPoko pants Kai = Dot Dodo D.o = kompor Hock Lay = Energen sarapan pagi Suho = Rexona Man Xiumin = Mama lemon  Chanyeol = Dettol Baekhyun = Bedak wardah Chen = iklan lembaga permasyarakatan";13;58;183;663;in;1137636970501267457;1244192050628579329;RXoxolf;https://twitter.com/RXoxolf/status/1244192050628579329
Sun Mar 29 06:01:24 +0000 2020;1244142595543977984;"Mampus kalian tiap hari buka tv isinya iklan neokopi ada Lucas, iklan mie sedap ada Siwon, liat nu greentea ada nct127:)))  Tinggal nunggu nct dream iklan Hilo/Zee, Red Velvet iklan Wardah, Suju iklan Marjan";302;315;3940;9821;in;1097125746386980864;1244142595543977984;markeushin;https://twitter.com/markeushin/status/1244142595543977984
Thu Mar 26 05:44:47 +0000 2020;1243051250398064641;"Nurhayati pendiri Wardah itu alumnus Pesantren Diniyah Putri Padang Panjang. https://t.co/mMayVVplQk";15;11;214;726;in;22126902;1243051250398064641;republikaonline;https://twitter.com/republikaonline/status/1243051250398064641
Mon Mar 23 12:23:21 +0000 2020;1242064389290602496;"Dari pandemi ini kita tahu bahwa:  1. Perusahaan Adaro nyumbang Rp 20 M 2. Perusahaan Wardah nyumban Rp 40 M 3. Para konglomerat bersama Yayasan Buddha Tzu Chi nyumbang Rp 500 M  Semuanya untuk membantu melawan corona.";43;82;827;1558;in;333923119;1242064389290602496;habibthink;https://twitter.com/habibthink/status/1242064389290602496
Sat Mar 21 12:19:25 +0000 2020;1241338621606551553;"Mulai hari ini, keluarga gw kl ga pake wardah gw GIGIT!";9;70;280;1295;in;230696471;1241338621606551553;berlianidris;https://twitter.com/berlianidris/status/1241338621606551553
Sat Mar 21 02:42:24 +0000 2020;1241193413875077120;"Baru Wardah yg sudah sumbang Rp 40 milyar buat beli alkes dan apd RS Persahabatan.   Yg lain, semoga sgra menyusul.  Astra Intenational Indofood Salim Group Sinar Mas Adira Djarum Wings Group Mayora Dll  Harapannya, mulai minggu depan team CSR mrka bergerak cepat n full force.";35;40;599;632;in;190535830;1241193413875077120;Strategi_Bisnis;https://twitter.com/Strategi_Bisnis/status/1241193413875077120
Fri Mar 20 23:09:20 +0000 2020;1241139791833391105;"Masya Allah... Kembali Ibu Nurhayati Subakat, mendonasikan sebagian Hartanya untuk membantu memerangi Virus Corona.  Beliau menyumbangkan tidak tanggung2 yaitu sebanyak 40 M.ğŸ˜  Barakallah.... Semoga Cosmetics Wardah Makin Sukses dan Jaya. ğŸ™ğŸ‘Œ  https://t.co/RtlzaVASsD";44;100;705;1937;in;1133199329487757312;1241139791833391105;Ameeranti;https://twitter.com/Ameeranti/status/1241139791833391105
Fri Mar 20 10:26:32 +0000 2020;1240947827129245702;"Nurhayati Subakat, sosok di balik nama besar Wardah, Emina , dan Make Over yang mengawali bisnis dari usaha rumahan. #UserStory https://t.co/FOlTui8a6p";141;112;1373;3675;in;759692754985242625;1240947827129245702;kumparan;https://twitter.com/kumparan/status/1240947827129245702
Fri Mar 20 00:48:02 +0000 2020;1240802245534334976;"Wardah menyumbang Rp 40 miliar melawan corona. Semoga bukan hanya Wardah, tetapi ada yang lainnya yang akan menyusul. #kumparanNews https://t.co/Tsij37frMc";61;48;379;1019;in;759692754985242625;1240802245534334976;kumparan;https://twitter.com/kumparan/status/1240802245534334976
Thu Mar 19 14:51:34 +0000 2020;1240652136171450370;"Wardah Bantu Alat Kesehatan Hadapi Corona ke Sejumlah RS Senilai Rp 40 M https://t.co/AYyu3hKNHb";15;19;209;680;in;3319260420;1240652136171450370;geloraco;https://twitter.com/geloraco/status/1240652136171450370
Thu Mar 19 13:02:24 +0000 2020;1240624666756055040;"@kumparan Gw respek sm bu Nur.  Visinya mngajak pngusaha nasional mjd pemaen global sgt luar biasa.  Ini slh satu tulisan pa Dahlan Iskan ttg Wardah. Brand nya tlh mmpu mngalahkn pemain global yg tlh mapan. Salut  https://t.co/3a1fS5eCV3";3;1;118;560;in;2594437128;1240584060239360000;Lam_Sijan;https://twitter.com/Lam_Sijan/status/1240624666756055040
Thu Mar 19 10:35:27 +0000 2020;1240587683967037441;"@kumparan Trimakasih wardah, jadi pengen make produknya Ayukk sampurna, jarum, indoput, indomarko, unileper, gudang garem,";1;9;114;759;in;1070331991537532928;1240584060239360000;cadelhurupL;https://twitter.com/cadelhurupL/status/1240587683967037441
Thu Mar 19 10:21:03 +0000 2020;1240584060239360000;"Wardah menggelontorkan bantuan Rp 40 miliar dalam bentuk alat kesehatan ke sejumlah RS untuk hadapi Corona. #kumparanNews https://t.co/wpiJ4Hc3Gb";1974;1115;12545;30572;in;759692754985242625;1240584060239360000;kumparan;https://twitter.com/kumparan/status/1240584060239360000
Thu Mar 19 05:35:59 +0000 2020;1240512319089545216;"MAAF bkn IKLAN_ hanya ingin katakan    Wardah Cosmetik 100% produk Indonesia kelas internasional. NYUMBANG Rp. 13 miliar ke RS Persahabatan utk Covid19   Saatnya tinggalkan produk impor seperti Revlon, Lip tint, aloe vera gel ,Micellar water dll   Cintailah produk dalam negeri__ https://t.co/VK28cDPZFA";31;66;509;1267;in;159430790;1240512319089545216;umaralims;https://twitter.com/umaralims/status/1240512319089545216
Thu Mar 19 01:36:48 +0000 2020;1240452128553885696;"Menggemparkan, Pengusaha Minang Sumbang Rp. 13 Miliar  Pengusaha Minang H. Nurhayati Subakat selaku owner produk kecantikan Wardah menyumbang sebesar Rp. 13 Miliar ke RS Persahabatan untuk menggobati penyakit Corona. https://t.co/13qTvbRIoN";212;277;2071;6026;in;703418476539432960;1240452128553885696;fakir_sinyal;https://twitter.com/fakir_sinyal/status/1240452128553885696
Wed Mar 18 13:22:21 +0000 2020;1240267295840063488;"Wah, terimakasih Wardah. Dana CSR senilai Rp 13 Miliar disumbangkan utk penanganan virus corona.  Perusahaan lain mudah2an akan berbaris juga utk memberi CSR nya bagi tenaga medis kita khususnya dimanapun berada.  #SiapaSusulWardah #CoronaIndonesia https://t.co/ocFLmywfxC";106;85;1445;4348;in;4021349477;1240267295840063488;hincapandjaitan;https://twitter.com/hincapandjaitan/status/1240267295840063488
Wed Mar 18 12:40:06 +0000 2020;1240256665825337351;"/beauty/ cuma mau share aja, setelah explore berbagai macam lip product aku menemukan perpaduan yg cocok bgttt Lip Product: emina brick town, wardah no 01, lip tint emina sienna https://t.co/vcmWNSdbeK";13;30;51;796;in;1018730819735580672;1240256665825337351;beauthingy;https://twitter.com/beauthingy/status/1240256665825337351
Wed Mar 18 04:22:09 +0000 2020;1240131353707982852;"Nama produk Make up cewe lain :  â€¢ Make over â€¢ Maybelline â€¢ Y.O.U â€¢ Wardah â€¢ Mineral botaniqa â€¢ Sariayu â€¢ Purbasari  Aku : â€¢ Emina â€¢ Viva  Aku gapapa karna lebih hemat Kalian yang mana??";211;1332;854;9787;in;1205144213387526145;1240131353707982852;kaditaaaa;https://twitter.com/kaditaaaa/status/1240131353707982852
Wed Mar 18 03:38:25 +0000 2020;1240120346482823168;"Mari kita apresiasi Wardah utk bantuanya ke Rumah Sakit sebesar 13 Milyar rupiah. Auto RT dan follback bagi yg mention tagar #SiapaSusulWardah.";201;157;892;1227;in;62764588;1240120346482823168;NephilaXmus;https://twitter.com/NephilaXmus/status/1240120346482823168
Fri Mar 06 01:45:30 +0000 2020;1235743274981183488;"[BB] pakek fw &amp  day cream (citra greentea antiacne), toner + milk cleanser (viva greentea), SS (wardah), rajin pakek masker oat,kopi +masker himalaya, obat totol jerawat (acnes sealing gel/mediklin), banyak minum air putih, kurangi minuman/makanan manis sama sering (cont..) https://t.co/QUjFK8WsTP";2;36;64;626;in;994801274091687936;1235743274981183488;ohmybeautybank;https://twitter.com/ohmybeautybank/status/1235743274981183488
Wed Mar 04 12:55:22 +0000 2020;1235187079031615489;"ã…¤  Katanya Wardah produk halal Jadi kalo ciuman pake lipstik Wardah halal dong ya??  ã…¤ã…¤ã…¤";106;383;325;3925;in;1205144213387526145;1235187079031615489;kaditaaaa;https://twitter.com/kaditaaaa/status/1235187079031615489
Sat Jan 25 05:45:12 +0000 2020;1220945696494219264;"/beauty/ gengs ini liptint bagus banget tolong, se awet itu seharian di pake makan minum pun, bagus banget kalo di ombre sm wardah velvet no 8 juga https://t.co/u8l43UAdLV";26;86;80;898;in;1018730819735580672;1220945696494219264;beauthingy;https://twitter.com/beauthingy/status/1220945696494219264
Wed Jan 22 14:56:42 +0000 2020;1219997319858274305;"Kosmetik Wardah Mau Di Boikot Sama LGBT .. Gegara Beginian , duh Jd Pengen Ngakak ğŸ˜…   Wardah Kosmetik Sudah Benar Tidak Mendukung LGBT ğŸ˜ https://t.co/gbv54vPJtF";22;122;227;648;in;1016528521705881600;1219997319858274305;vaniepink;https://twitter.com/vaniepink/status/1219997319858274305
Wed Jan 22 10:28:55 +0000 2020;1219929930835693568;"Menindaklanjuti terkait dengan logo Wardah dalam poster acara yang diselenggarakan oleh Majelis Umat Rabbani Nur Islam di Masjid Jamiâ€™Al-Mukhlishin dengan tema â€œBahaya Feminisme dan LGBTâ€.";180;110;666;1006;in;198385937;1219929930835693568;wardahbeauty;https://twitter.com/wardahbeauty/status/1219929930835693568
Wed Jan 22 07:58:36 +0000 2020;1219892104773689344;"Dulu saya waktu tinggal di Bali suka beli Wardah. 300 rebu dapet segambreng. Sabun mukanya enak, lipennya juga mayan. Dan waktu pake Wardah saya ngerasa seperti wanita solehah.   Tapi..... Kenapa nyeponsorin beginian sik Wardah???????? ğŸ˜¤ https://t.co/Iajx4oJq3B";38;157;184;482;in;828760299213697024;1219892104773689344;AmbarwatiRexy;https://twitter.com/AmbarwatiRexy/status/1219892104773689344
Wed Jan 22 04:24:39 +0000 2020;1219838259875872769;"Wow ak pikir wardah itu empowering women....  trnyata kecewa  [mmeluk lutut] https://t.co/q2AQP3EQve";626;292;1273;2467;in;752766084248326149;1219838259875872769;molizbian;https://twitter.com/molizbian/status/1219838259875872769
Fri Jan 10 07:50:08 +0000 2020;1215541319143047168;"/beauty/ ini wardah kan, ya? ada yg tau ga ini shade no berapa? makasihh https://t.co/Km5vltJexQ";5;55;40;726;in;1018730819735580672;1215541319143047168;beauthingy;https://twitter.com/beauthingy/status/1215541319143047168
Wed Dec 25 02:29:37 +0000 2019;1209662452054413313;"Kalo ngucapin Selamat Natal tapi pake lipstick Wardah apakah masih haram?";13;84;128;834;in;1165112750592315392;1209662452054413313;hasyimarr;https://twitter.com/hasyimarr/status/1209662452054413313
Tue Dec 24 08:30:51 +0000 2019;1209390971701489664;"[bb] perjuanganku 2 tahunğŸ˜­ pake cleansing+toner viva. Masker daisy. Pelembab aloe wardah. Lipbalm vaseline. Makasih untuk kulitku yg bisa bersahabat dg kantong https://t.co/iluYQHAp5z";11;95;149;1737;in;994801274091687936;1209390971701489664;ohmybeautybank;https://twitter.com/ohmybeautybank/status/1209390971701489664
Sat Dec 21 05:47:22 +0000 2019;1208262666881392640;"â€œMake up ori mahalâ€  Kalau yang kamu maksud adalah Urban Decay dan sejenisnya ya emang mahal. Tapi merk lama macem Revlon atau merk-merk lokal sejenis Wardah cukup terjangkau kok.   Intinya tuh dandan yang penting alat dandan cocok sama kulit dan skill cukup mumpuni.";33;23;606;656;in;14567197;1208262666881392640;miund;https://twitter.com/miund/status/1208262666881392640
Fri Dec 20 03:47:18 +0000 2019;1207870061135810560;"kalau ada yang bilang "makeup ori mahal", thats a big bullshit coi.   jadi emina, wardah, pixy, viva, mizzu itu apa?  dah jelas ori, bagus, dan cocok dikantong pelajar.  intinya, dear tasya farasya, terimakasih sudah mau speak up, aku padamu.";282;262;14870;25410;in;848840286725783552;1207870061135810560;badgalbilz;https://twitter.com/badgalbilz/status/1207870061135810560
Sat Dec 07 00:29:54 +0000 2019;1203109342112649216;"ğŸš¨ [GIVEAWAY] ğŸš¨  dalam rangka ulang tahun hangyul, aku mau giveaway in  1. bm wooseok QL + wardah exclusive matte lip cream 09 mauve on!  2. pixy lip cream 09 glam coral + so sweet dream lips color no 1  syarat cuma rt + like ( yg mau followan bole)  end 15 des 2019. good luck! https://t.co/8eslHen7Yy";2;317;611;619;in;1200391157643010050;1203109342112649216;delightnessonu;https://twitter.com/delightnessonu/status/1203109342112649216
Mon Nov 18 17:55:55 +0000 2019;1196487210624700416;"Ini warnanya kok cantik bgt sih astaga, ga ngerti lagi sama Wardah. Apalah daya aku ga cocok pake warna gitu, bibir aku pinggirnya hitam ğŸ˜« Pic dr sender lain [BB] https://t.co/p18Zjv0FMD";17;68;63;825;in;994801274091687936;1196487210624700416;ohmybeautybank;https://twitter.com/ohmybeautybank/status/1196487210624700416
Thu Oct 31 13:20:50 +0000 2019;1189895002169589760;"[BB] guys aku mau ngeracun wkakakak ini pakai wardah lip &amp  cheek tint yang nomer 01 ğŸ˜‚ hasilnya cantik banget dan ga bikin bibir kering! itu fotonya asli no edit-edit! https://t.co/5R62QqHMse";26;159;96;1541;in;994801274091687936;1189895002169589760;ohmybeautybank;https://twitter.com/ohmybeautybank/status/1189895002169589760
Fri Sep 27 03:05:52 +0000 2019;1177419052156739584;"[GIVEAWAY]  Aku mau ngadain giveaway Wardah Exclusive Eyeshadow Pallete yang Sunser Brown untuk 2 orang pemenang. Caranya?  1. Like tweet ini 2. Retweet tweet ini  Ga perlu follow akun ini kok, batasnya sampai 30 September 2019ğŸ™†â€â™€ï¸ https://t.co/O4hFAORMJl";19;356;1962;1946;in;966374055027724288;1177419052156739584;yuppyippy;https://twitter.com/yuppyippy/status/1177419052156739584
Fri Sep 27 01:43:05 +0000 2019;1177398222307786753;"ğŸ‘©: sayang, cium sini ğŸ‘¨: gak mau ah, dosa ğŸ‘©: kenapa sih? Kamu udah gak sayang lagi sama aku? ğŸ‘¨: kita kan belum muhrim, haram ğŸ‘©: aku kan pake lipstik wardah sayang,  halal ğŸ‘¨: hmm,, oke lah kalo gitu";30;101;190;1831;in;1119520668146491393;1177398222307786753;kopisekut;https://twitter.com/kopisekut/status/1177398222307786753
Sat Sep 21 12:13:18 +0000 2019;1175382491277873152;"Tadi gak sengaja denger temen ku yg cewe lagi ngobrol gini :  ğŸ‘© : Kamu pake lipstik merek apa?  ğŸ‘§ : Wardah ğŸ‘© : Kenapa pake wardah? ğŸ‘§ : Biar entar kalo pacar aku mau cium jadinya Halal  Aku disebelah auto ngakak dongğŸ˜­ğŸ¤£ğŸ¤£";259;319;3122;14951;in;2834906952;1175382491277873152;uttazt_;https://twitter.com/uttazt_/status/1175382491277873152
Tue Sep 17 02:54:54 +0000 2019;1173792414340796416;"Cewe kalau dandan: Pake alis Eyeliner Maskara Bedak wardah Blushon Lipstik  Cowo kalau dandan: Bedak my baby + Minyak rambut gatsbay  Dasar cewe ğŸ˜’";7;78;47;685;in;1106393436700106752;1173792414340796416;Arakhmadya;https://twitter.com/Arakhmadya/status/1173792414340796416
Mon Aug 26 15:12:29 +0000 2019;1166005501764628485;"GIVEAWAY!  Syaratnya gampang kok, RT + reply dom aja  Sampai tanggal 30 Agustus ya!  Wardah face mistnya pernah aku semprot sekitar 5x heheh if you're okay with that, silakan join aja https://t.co/To1BnBCRT5";15;2930;2538;729;in;1049013998572658688;1166005501764628485;bvttercookies_;https://twitter.com/bvttercookies_/status/1166005501764628485
Fri Aug 23 08:59:45 +0000 2019;1164824536790925316;"Soalnya aku lagi bdmd gajadi brangkat ke SG nonton Exploration, aku mau GA ajadeh...  1. Wardah matte lipcream shade #11 oh so nude (baru pake 2x, exp.2021 di GAin bcs gasuka) 2. Pulsa 20k all operator  RT+rep domisili/provider kalian aja. Ntar aku pilih randomğŸ‘Œ https://t.co/YHzaCYqZRY";11;2014;1797;649;in;1714033050;1164824536790925316;BH_Cunyul;https://twitter.com/BH_Cunyul/status/1164824536790925316
Wed Aug 14 05:55:36 +0000 2019;1161516703727194112;"[bb] jatuh cinta sama ini bagus banget buat ombre lipsğŸ˜­â¤ï¸ make over nya shade pompous, wardah nya shade vibe. cantik bangetâœ¨ https://t.co/otpfq0CK2U";25;72;170;2097;in;994801274091687936;1161516703727194112;ohmybeautybank;https://twitter.com/ohmybeautybank/status/1161516703727194112
Fri Aug 09 12:21:39 +0000 2019;1159801916299202561;"Katanya biar cantik harus pake skincare. Udah nyoba pake wardah malah gak cocok.  Apakah wajahku ini tidak halal? ğŸ˜­";11;77;86;905;in;2778132871;1159801916299202561;dindaarlynie_;https://twitter.com/dindaarlynie_/status/1159801916299202561
Tue Aug 06 03:40:47 +0000 2019;1158583672783568896;"[BB] hmmmm wardah ada produk baru lagi.. https://t.co/Fbey0vDBv5";342;927;465;2362;in;994801274091687936;1158583672783568896;ohmybeautybank;https://twitter.com/ohmybeautybank/status/1158583672783568896
Thu Aug 01 13:30:26 +0000 2019;1156920121245327361;"uang hasil ngelonte dibeliin wardah biar halal";233;402;2176;4592;in;573288121;1156920121245327361;novissan;https://twitter.com/novissan/status/1156920121245327361
Wed Jul 10 13:24:15 +0000 2019;1148946034292170754;"Budget iklan TV terbesar tahun lalu :  Pantene : Rp 1,3 triliun Clear : Rp 1,1 triliun Wardah : Rp 1,1 triliun Rexona : Rp 1 triliun Garnier : Rp 960M Pepsodent : Rp 880M  Wardah makin meroket.   Baru tau deodoran bau ketek bisa bisa bakar uang Rp 1 triliun.   Bau ketek doang!";246;141;2161;2313;in;190535830;1148946034292170754;Strategi_Bisnis;https://twitter.com/Strategi_Bisnis/status/1148946034292170754
Sun Jun 09 15:29:29 +0000 2019;1137743526597234688;"Kalau skrg lipstick: 1. Simplysiti (lupa shade tapi yang packaging warna merah) 2. Wardah liquid lipstick See You Latte 3. Silky Girl OMG Matte 01 Blossom  Shampoo tengah try shampoo baru, nanti lah share ğŸ˜‚";19;8;778;2118;in;23139167;1137743526597234688;ImanAbdulRahim;https://twitter.com/ImanAbdulRahim/status/1137743526597234688
Fri Jun 07 14:54:07 +0000 2019;1137009849659609088;"#LebaranArtis 2019 Dewi Sandra &amp  suami:  Brand ambassador lahir batin, sampe gamis pun warna Wardah ğŸ˜¥ https://t.co/qgzOWtnWnv";278;40;2437;1522;in;41284868;1136986372592422913;rizkidwika;https://twitter.com/rizkidwika/status/1137009849659609088
Fri May 31 06:45:28 +0000 2019;1134350161642000384;"Pasta gigi sasa: halal Lipstick wardah: halal Make up sariayu: halal  Kamu pake pasta gigi sasa, lipstick wardah dan make up sariayu terus senyum ke aku?  Fix aku halalin kamu!!";27;99;545;3403;in;1102847393542758401;1134350161642000384;88kising;https://twitter.com/88kising/status/1134350161642000384
Sun Feb 03 16:59:23 +0000 2019;1092105278655320066;"Skincare yg takde mercury: Drugstore brands, high end brands, yang dah buat R&amp D bertahun tahun sebelum keluarkan produk.  Contoh yg affordable and local: Safi, Cosmoderm, Aiken.  Tak local tapi affordable: Simple, Wardah, Garnier etc";7;12;879;824;in;23139167;1092105278655320066;ImanAbdulRahim;https://twitter.com/ImanAbdulRahim/status/1092105278655320066
Thu Nov 29 23:24:58 +0000 2018;1068284715411550208;"2nd Giveaway uwu uwu meskipun yang 1st blm diumumin hehehe ğŸˆ  2 Lipcream Wardah untuk 2 pemenang, 1nya punyaku ğŸ˜œ  Rulesnya masih sama : 1. RT LIKE tweet ini. 2. RT LIKE pinned tweet. 3. Done.  Doiku gajihan lebih awal jd aku beli 3 Lipcream, Goodluck ya! ğŸ˜‚ğŸ’“ğŸ’“ https://t.co/HlZtiQlIqt";7;452;872;694;in;782560924301262848;1068284715411550208;saturd44y;https://twitter.com/saturd44y/status/1068284715411550208
Tue Oct 16 06:05:28 +0000 2018;1052078049817112576;"[GIVEAWAY] âœ¨âœ¨  Emina City Chic CC Cake + Wardah Exclusive Matte Lip Cream no. 10  Cuma sekali pake dan ngga cocok di aku. Siapa tau ada yang berminatğŸ˜­  Syarat: 1. RT dan like 2. Doain semoga skripsi ku dimudahkan ya hwhwhsh 3. Kalo mau mutualan boleh bangetğŸ’• https://t.co/u1SZVVWgL5";2;275;869;692;in;989428749627084803;1052078049817112576;nikuuyon;https://twitter.com/nikuuyon/status/1052078049817112576
Sat Sep 29 03:02:15 +0000 2018;1045871349095260162;"[GIVEAWAY]   Karna jojo masuk semifinal korea open 2018 aku mau giveaway skincare wardah and nature republic aloe vera untuk 2 orang pemenang  Rulesnya retweet and like Diumumin 12 October 2018ğŸ’–  ps : kuy mutualan https://t.co/1bDb5YuE9H";2;199;2035;1598;in;1036269182554234881;1045871349095260162;mulfangurls;https://twitter.com/mulfangurls/status/1045871349095260162
Sun Jul 29 00:48:26 +0000 2018;1023369625457684480;"Sesekali bikin GIVE AWAY  Cz Daniel notice Indonesia dia vlive dan dapet 100M loveğŸ’™ğŸ’šğŸ’›ğŸ§¡â¤ï¸ğŸ’“  PULSA 20K all operator  Plus Liptint Wardah new!!! -WAJIB RETWEET AMA LOVE YA Bakalan gue cek !!  -DI FOLLOW BAKALAN LEBIH BAGUS PELUANGNYA  Berlaku smp 30 Juli jam 16.00wib https://t.co/mKcxoWU35O";2;139;692;501;in;2921684654;1023369625457684480;nayinayooow;https://twitter.com/nayinayooow/status/1023369625457684480
Thu Jul 19 04:48:27 +0000 2018;1019806148462022657;"Punya Lipstik yang hampir habis? Kalian bisa nih dapatkan diskon 45% dengan membawa lipstik lamamu Watsons Friends :) Promo ini hanya berlaku untuk beberapa produk saja seperti Brand berikut: Rosa Purbasari Maybelline Wardah Make Over Emina Mineral Botanica Mirabella https://t.co/Ac3V3I2Pc0";213;166;588;429;in;1850475144;1019806148462022657;WatsonsIndo;https://twitter.com/WatsonsIndo/status/1019806148462022657
Sun Feb 04 09:08:19 +0000 2018;960077549379268608;"I lagi suka kalau Watsons yang sale sebab banyak brand yg I nak cuba!!! Contohnya Naruko, Wardah, Pure Beauty. Sunscreen Sunkiller pun Watsons je ada!!";64;40;1324;1528;in;23139167;960077549379268608;ImanAbdulRahim;https://twitter.com/ImanAbdulRahim/status/960077549379268608
Sun Jun 11 04:41:00 +0000 2017;873761962445766658;"Wardah Beauty dah masuk Watson Malaysia. Benda first I tengok dia punya liquid lipstick. Lawa gila! https://t.co/DCK6rgyXPS";125;20;482;473;in;429675317;873761962445766658;_ikaisme_;https://twitter.com/_ikaisme_/status/873761962445766658
Wed Jan 18 12:14:41 +0000 2017;821692283900698624;"ni wardah ke wardahell ! https://t.co/v2rLXHyEMX";113;13;4347;1738;in;96476878;821692283900698624;khairulanwarx;https://twitter.com/khairulanwarx/status/821692283900698624
